friendliness,skepticism,numnodes,largest_wcc_nodes,degree_assortativity_ud,modularity_ud,avg_shortest_path_lcc,diameter_lcc,avg_clustering_ud,n_nodes,n_edges,err_largest_wcc_nodes,err_degree_assortativity_ud,err_modularity_ud,err_avg_shortest_path_lcc,err_diameter_lcc,err_avg_clustering_ud,err_n_nodes,err_n_nodes_penalty,err_n_edges,err_n_edges_penalty,score_total
0.2,0.3,320,195,-0.4,0.65,3.15,7,0.0,318,305,0.020942408376963352,0.010000000000000009,0.015625000000000014,0.006309148264984233,0.0,0.0,0.0,0.0,0.003289473684210526,0.0,0.056166030326158134
0.15,0.25,315,185,-0.38,0.62,3.18,7,0.0,315,300,0.031413612565445025,0.010000000000000009,0.03125000000000003,0.0031545741324921863,0.0,0.0,0.009433962264150943,0.0,0.013157894736842105,0.0,0.0984100436989303
0.25,0.2,310,190,-0.42,0.68,3.12,6,0.0,312,308,0.005235602094240838,0.02999999999999997,0.06250000000000006,0.01577287066246051,0.14285714285714285,0.0,0.018867924528301886,0.0,0.013157894736842105,0.0,0.2883914348789882
0.1,0.2,300,180,-0.35,0.6,3.2,8,0.01,310,290,0.05759162303664921,0.040000000000000036,0.06250000000000006,0.009463722397476419,0.14285714285714285,0.01,0.025157232704402517,0.0,0.046052631578947366,0.0,0.3936223525746184
0.3,0.1,280,170,-0.3,0.55,3.25,9,0.02,285,275,0.1099476439790576,0.09000000000000002,0.14062499999999994,0.025236593059936932,0.2857142857142857,0.02,0.10377358490566038,2.0,0.09539473684210527,0.0,2.870691844501046
